,symboling,normalized-losses,make,fuel-type,num-of-doors,body-style,drive-wheels,engine-location,wheel-base,length,width,height,curb-weight,engine-type,num-of-cylinders,engine-size,fuel-system,bore,stroke,compression-ratio,horsepower,peak-rpm,city-mpg,highway-mpg,city-L/100km,highway-L/100km,hp-binned,fuel-type-diesel,fuel-type-gas,aspiration-std,aspiration-turbo,convertible,hardtop,hatchback,sedan,wagon,price
0,3,122,alfa-romero,gas,two,convertible,rwd,front,88.6,0.8111484863046613,0.8902777777777777,0.8160535117056856,2548,dohc,four,130,mpfi,3.47,2.68,9.0,111,5000,21,27,13.523809523809524,10.518518518518519,low,0,1,1,0,1,0,0,0,0,13495
1,3,122,alfa-romero,gas,two,convertible,rwd,front,88.6,0.8111484863046613,0.8902777777777777,0.8160535117056856,2548,dohc,four,130,mpfi,3.47,2.68,9.0,111,5000,21,27,13.523809523809524,10.518518518518519,low,0,1,1,0,1,0,0,0,0,16500
2,1,122,alfa-romero,gas,two,hatchback,rwd,front,94.5,0.8226814031715521,0.9097222222222222,0.8762541806020067,2823,ohcv,six,152,mpfi,2.68,3.47,9.0,154,5000,19,26,14.947368421052632,10.923076923076923,medium,0,1,1,0,0,0,1,0,0,16500
3,2,164,audi,gas,four,sedan,fwd,front,99.8,0.8486304661220567,0.9194444444444445,0.9080267558528428,2337,ohc,four,109,mpfi,3.19,3.4,10.0,102,5500,24,30,11.833333333333334,9.466666666666667,low,0,1,1,0,0,0,0,1,0,13950
4,2,164,audi,gas,four,sedan,4wd,front,99.4,0.8486304661220567,0.9222222222222223,0.9080267558528428,2824,ohc,five,136,mpfi,3.19,3.4,8.0,115,5500,18,22,15.777777777777779,12.909090909090908,low,0,1,1,0,0,0,0,1,0,17450
5,2,122,audi,gas,two,sedan,fwd,front,99.8,0.8519942335415667,0.9208333333333333,0.8879598662207359,2507,ohc,five,136,mpfi,3.19,3.4,8.5,110,5500,19,25,14.947368421052632,11.36,low,0,1,1,0,0,0,0,1,0,15250
6,1,158,audi,gas,four,sedan,fwd,front,105.8,0.9259971167707832,0.9916666666666667,0.931438127090301,2844,ohc,five,136,mpfi,3.19,3.4,8.5,110,5500,19,25,14.947368421052632,11.36,low,0,1,1,0,0,0,0,1,0,17710
7,1,122,audi,gas,four,wagon,fwd,front,105.8,0.9259971167707832,0.9916666666666667,0.931438127090301,2954,ohc,five,136,mpfi,3.19,3.4,8.5,110,5500,19,25,14.947368421052632,11.36,low,0,1,1,0,0,0,0,0,1,18920
8,1,158,audi,gas,four,sedan,fwd,front,105.8,0.9259971167707832,0.9916666666666667,0.9347826086956522,3086,ohc,five,131,mpfi,3.13,3.4,8.3,140,5500,17,20,16.705882352941178,14.2,medium,0,1,0,1,0,0,0,1,0,23875
9,2,192,bmw,gas,two,sedan,rwd,front,101.2,0.849591542527631,0.8999999999999999,0.9080267558528428,2395,ohc,four,108,mpfi,3.5,2.8,8.8,101,5800,23,29,12.347826086956522,9.793103448275861,low,0,1,1,0,0,0,0,1,0,16430
10,0,192,bmw,gas,four,sedan,rwd,front,101.2,0.849591542527631,0.8999999999999999,0.9080267558528428,2395,ohc,four,108,mpfi,3.5,2.8,8.8,101,5800,23,29,12.347826086956522,9.793103448275861,low,0,1,1,0,0,0,0,1,0,16925
11,0,188,bmw,gas,two,sedan,rwd,front,101.2,0.849591542527631,0.8999999999999999,0.9080267558528428,2710,ohc,six,164,mpfi,3.31,3.19,9.0,121,4250,21,28,13.523809523809524,10.142857142857142,medium,0,1,1,0,0,0,0,1,0,20970
12,0,188,bmw,gas,four,sedan,rwd,front,101.2,0.849591542527631,0.8999999999999999,0.9080267558528428,2765,ohc,six,164,mpfi,3.31,3.19,9.0,121,4250,21,28,13.523809523809524,10.142857142857142,medium,0,1,1,0,0,0,0,1,0,21105
13,1,122,bmw,gas,four,sedan,rwd,front,103.5,0.9082172032676598,0.9291666666666667,0.931438127090301,3055,ohc,six,164,mpfi,3.31,3.19,9.0,121,4250,20,25,14.2,11.36,medium,0,1,1,0,0,0,0,1,0,24565
14,0,122,bmw,gas,four,sedan,rwd,front,103.5,0.9082172032676598,0.9291666666666667,0.931438127090301,3230,ohc,six,209,mpfi,3.62,3.39,8.0,182,5400,16,22,17.75,12.909090909090908,medium,0,1,1,0,0,0,0,1,0,30760
15,0,122,bmw,gas,two,sedan,rwd,front,103.5,0.9312830370014417,0.9430555555555556,0.8979933110367894,3380,ohc,six,209,mpfi,3.62,3.39,8.0,182,5400,16,22,17.75,12.909090909090908,medium,0,1,1,0,0,0,0,1,0,41315
16,0,122,bmw,gas,four,sedan,rwd,front,110.0,0.9466602594906295,0.9847222222222223,0.9414715719063546,3505,ohc,six,209,mpfi,3.62,3.39,8.0,182,5400,15,20,18.933333333333334,14.2,medium,0,1,1,0,0,0,0,1,0,36880
17,2,121,chevrolet,gas,two,hatchback,fwd,front,88.4,0.6780394041326285,0.8374999999999999,0.8896321070234114,1488,l,three,61,2bbl,2.91,3.03,9.5,48,5100,47,53,6.042553191489362,5.3584905660377355,,0,1,1,0,0,0,1,0,0,5151
18,1,98,chevrolet,gas,two,hatchback,fwd,front,94.5,0.7491590581451226,0.8833333333333333,0.8695652173913044,1874,ohc,four,90,2bbl,3.03,3.11,9.6,70,5400,38,43,7.473684210526316,6.604651162790698,low,0,1,1,0,0,0,1,0,0,6295
19,0,81,chevrolet,gas,four,sedan,fwd,front,94.5,0.7630946660259491,0.8833333333333333,0.8695652173913044,1909,ohc,four,90,2bbl,3.03,3.11,9.6,70,5400,38,43,7.473684210526316,6.604651162790698,low,0,1,1,0,0,0,0,1,0,6575
20,1,118,dodge,gas,two,hatchback,fwd,front,93.7,0.7558865929841423,0.8861111111111111,0.8494983277591973,1876,ohc,four,90,2bbl,2.97,3.23,9.41,68,5500,37,41,7.675675675675675,6.926829268292683,low,0,1,1,0,0,0,1,0,0,5572
21,1,118,dodge,gas,two,hatchback,fwd,front,93.7,0.7558865929841423,0.8861111111111111,0.8494983277591973,1876,ohc,four,90,2bbl,2.97,3.23,9.4,68,5500,31,38,9.161290322580646,7.473684210526316,low,0,1,1,0,0,0,1,0,0,6377
22,1,118,dodge,gas,two,hatchback,fwd,front,93.7,0.7558865929841423,0.8861111111111111,0.8494983277591973,2128,ohc,four,98,mpfi,3.03,3.39,7.6,102,5500,24,30,11.833333333333334,9.466666666666667,low,0,1,0,1,0,0,1,0,0,7957
23,1,148,dodge,gas,four,hatchback,fwd,front,93.7,0.7558865929841423,0.8861111111111111,0.8461538461538463,1967,ohc,four,90,2bbl,2.97,3.23,9.4,68,5500,31,38,9.161290322580646,7.473684210526316,low,0,1,1,0,0,0,1,0,0,6229
24,1,148,dodge,gas,four,sedan,fwd,front,93.7,0.7558865929841423,0.8861111111111111,0.8461538461538463,1989,ohc,four,90,2bbl,2.97,3.23,9.4,68,5500,31,38,9.161290322580646,7.473684210526316,low,0,1,1,0,0,0,0,1,0,6692
25,1,148,dodge,gas,four,sedan,fwd,front,93.7,0.7558865929841423,0.8861111111111111,0.8461538461538463,1989,ohc,four,90,2bbl,2.97,3.23,9.4,68,5500,31,38,9.161290322580646,7.473684210526316,low,0,1,1,0,0,0,0,1,0,7609
26,1,148,dodge,gas,four,sedan,fwd,front,93.7,0.7558865929841423,0.8861111111111111,0.8461538461538463,2191,ohc,four,98,mpfi,3.03,3.39,7.6,102,5500,24,30,11.833333333333334,9.466666666666667,low,0,1,0,1,0,0,0,1,0,8558
27,-1,110,dodge,gas,four,wagon,fwd,front,103.3,0.8390197020663143,0.8972222222222221,1.0,2535,ohc,four,122,2bbl,3.34,3.46,8.5,88,5000,24,30,11.833333333333334,9.466666666666667,low,0,1,1,0,0,0,0,0,1,8921
28,3,145,dodge,gas,two,hatchback,fwd,front,95.9,0.8322921672272945,0.9208333333333333,0.8394648829431439,2811,ohc,four,156,mfi,3.6,3.9,7.0,145,5000,19,24,14.947368421052632,11.833333333333334,medium,0,1,0,1,0,0,1,0,0,12964
29,2,137,honda,gas,two,hatchback,fwd,front,86.6,0.6948582412301778,0.8875,0.8494983277591973,1713,ohc,four,92,1bbl,2.91,3.41,9.6,58,4800,49,54,5.795918367346939,5.2592592592592595,low,0,1,1,0,0,0,1,0,0,6479
30,2,137,honda,gas,two,hatchback,fwd,front,86.6,0.6948582412301778,0.8875,0.8494983277591973,1819,ohc,four,92,1bbl,2.91,3.41,9.2,76,6000,31,38,9.161290322580646,7.473684210526316,low,0,1,1,0,0,0,1,0,0,6855
31,1,101,honda,gas,two,hatchback,fwd,front,93.7,0.7208073041806824,0.8888888888888888,0.8795986622073579,1837,ohc,four,79,1bbl,2.91,3.07,10.1,60,5500,38,42,7.473684210526316,6.761904761904762,low,0,1,1,0,0,0,1,0,0,5399
32,1,101,honda,gas,two,hatchback,fwd,front,93.7,0.7208073041806824,0.8888888888888888,0.8795986622073579,1940,ohc,four,92,1bbl,2.91,3.41,9.2,76,6000,30,34,9.466666666666667,8.352941176470589,low,0,1,1,0,0,0,1,0,0,6529
33,1,101,honda,gas,two,hatchback,fwd,front,93.7,0.7208073041806824,0.8888888888888888,0.8795986622073579,1956,ohc,four,92,1bbl,2.91,3.41,9.2,76,6000,30,34,9.466666666666667,8.352941176470589,low,0,1,1,0,0,0,1,0,0,7129
34,0,110,honda,gas,four,sedan,fwd,front,96.5,0.7851994233541567,0.8888888888888888,0.911371237458194,2010,ohc,four,92,1bbl,2.91,3.41,9.2,76,6000,30,34,9.466666666666667,8.352941176470589,low,0,1,1,0,0,0,0,1,0,7295
35,0,78,honda,gas,four,wagon,fwd,front,96.5,0.754925516578568,0.8875,0.9749163879598662,2024,ohc,four,92,1bbl,2.92,3.41,9.2,76,6000,30,34,9.466666666666667,8.352941176470589,low,0,1,1,0,0,0,0,0,1,7295
36,0,106,honda,gas,two,hatchback,fwd,front,96.5,0.8049014896684287,0.9055555555555556,0.8913043478260869,2236,ohc,four,110,1bbl,3.15,3.58,9.0,86,5800,27,33,10.518518518518519,8.606060606060606,low,0,1,1,0,0,0,1,0,0,7895
37,0,106,honda,gas,two,hatchback,fwd,front,96.5,0.8049014896684287,0.9055555555555556,0.8913043478260869,2289,ohc,four,110,1bbl,3.15,3.58,9.0,86,5800,27,33,10.518518518518519,8.606060606060606,low,0,1,1,0,0,0,1,0,0,9095
38,0,85,honda,gas,four,sedan,fwd,front,96.5,0.8428640076886112,0.9055555555555556,0.9046822742474917,2304,ohc,four,110,1bbl,3.15,3.58,9.0,86,5800,27,33,10.518518518518519,8.606060606060606,low,0,1,1,0,0,0,0,1,0,8845
39,0,85,honda,gas,four,sedan,fwd,front,96.5,0.8428640076886112,0.8680555555555556,0.9046822742474917,2372,ohc,four,110,1bbl,3.15,3.58,9.0,86,5800,27,33,10.518518518518519,8.606060606060606,low,0,1,1,0,0,0,0,1,0,10295
40,0,85,honda,gas,four,sedan,fwd,front,96.5,0.8428640076886112,0.9055555555555556,0.9046822742474917,2465,ohc,four,110,mpfi,3.15,3.58,9.0,101,5800,24,28,11.833333333333334,10.142857142857142,low,0,1,1,0,0,0,0,1,0,12945
41,1,107,honda,gas,two,sedan,fwd,front,96.5,0.8125901009130225,0.9166666666666666,0.8528428093645485,2293,ohc,four,110,2bbl,3.15,3.58,9.1,100,5500,25,31,11.36,9.161290322580646,low,0,1,1,0,0,0,0,1,0,10345
42,0,122,isuzu,gas,four,sedan,rwd,front,94.3,0.8202787121576165,0.8583333333333333,0.8946488294314382,2337,ohc,four,111,2bbl,3.31,3.23,8.5,78,4800,24,29,11.833333333333334,9.793103448275861,low,0,1,1,0,0,0,0,1,0,6785
43,2,122,isuzu,gas,two,hatchback,rwd,front,96.0,0.8294089380105718,0.9055555555555556,0.8595317725752508,2734,ohc,four,119,spfi,3.43,3.23,9.2,90,5000,24,29,11.833333333333334,9.793103448275861,low,0,1,1,0,0,0,1,0,0,11048
44,0,145,jaguar,gas,four,sedan,rwd,front,113.0,0.9591542527630946,0.9666666666666666,0.882943143812709,4066,dohc,six,258,mpfi,3.63,4.17,8.1,176,4750,15,19,18.933333333333334,14.947368421052632,medium,0,1,1,0,0,0,0,1,0,32250
45,0,122,jaguar,gas,four,sedan,rwd,front,113.0,0.9591542527630946,0.9666666666666666,0.882943143812709,4066,dohc,six,258,mpfi,3.63,4.17,8.1,176,4750,15,19,18.933333333333334,14.947368421052632,medium,0,1,1,0,0,0,0,1,0,35550
46,0,122,jaguar,gas,two,sedan,rwd,front,102.0,0.921191734742912,0.9805555555555555,0.7993311036789298,3950,ohcv,twelve,326,mpfi,3.54,2.76,11.5,262,5000,13,17,21.846153846153847,16.705882352941178,high,0,1,1,0,0,0,0,1,0,36000
47,1,104,mazda,gas,two,hatchback,fwd,front,93.1,0.7645362806343105,0.8916666666666667,0.9046822742474917,1890,ohc,four,91,2bbl,3.03,3.15,9.0,68,5000,30,31,9.466666666666667,9.161290322580646,low,0,1,1,0,0,0,1,0,0,5195
48,1,104,mazda,gas,two,hatchback,fwd,front,93.1,0.7645362806343105,0.8916666666666667,0.9046822742474917,1900,ohc,four,91,2bbl,3.03,3.15,9.0,68,5000,31,38,9.161290322580646,7.473684210526316,low,0,1,1,0,0,0,1,0,0,6095
49,1,104,mazda,gas,two,hatchback,fwd,front,93.1,0.7645362806343105,0.8916666666666667,0.9046822742474917,1905,ohc,four,91,2bbl,3.03,3.15,9.0,68,5000,31,38,9.161290322580646,7.473684210526316,low,0,1,1,0,0,0,1,0,0,6795
50,1,113,mazda,gas,four,sedan,fwd,front,93.1,0.8015377222489188,0.8916666666666667,0.9046822742474917,1945,ohc,four,91,2bbl,3.03,3.15,9.0,68,5000,31,38,9.161290322580646,7.473684210526316,low,0,1,1,0,0,0,0,1,0,6695
51,1,113,mazda,gas,four,sedan,fwd,front,93.1,0.8015377222489188,0.8916666666666667,0.9046822742474917,1950,ohc,four,91,2bbl,3.08,3.15,9.0,68,5000,31,38,9.161290322580646,7.473684210526316,low,0,1,1,0,0,0,0,1,0,7395
52,3,150,mazda,gas,two,hatchback,rwd,front,95.3,0.8121095627102355,0.9125000000000001,0.8294314381270904,2380,rotor,two,70,4bbl,3.3297512437810957,3.2554228855721337,9.4,101,6000,17,23,16.705882352941178,12.347826086956522,low,0,1,1,0,0,0,1,0,0,10945
53,3,150,mazda,gas,two,hatchback,rwd,front,95.3,0.8121095627102355,0.9125000000000001,0.8294314381270904,2380,rotor,two,70,4bbl,3.3297512437810957,3.2554228855721337,9.4,101,6000,17,23,16.705882352941178,12.347826086956522,low,0,1,1,0,0,0,1,0,0,11845
54,3,150,mazda,gas,two,hatchback,rwd,front,95.3,0.8121095627102355,0.9125000000000001,0.8294314381270904,2385,rotor,two,70,4bbl,3.3297512437810957,3.2554228855721337,9.4,101,6000,17,23,16.705882352941178,12.347826086956522,low,0,1,1,0,0,0,1,0,0,13645
55,3,150,mazda,gas,two,hatchback,rwd,front,95.3,0.8121095627102355,0.9125000000000001,0.8294314381270904,2500,rotor,two,80,mpfi,3.3297512437810957,3.2554228855721337,9.4,135,6000,16,23,17.75,12.347826086956522,medium,0,1,1,0,0,0,1,0,0,15645
56,1,129,mazda,gas,two,hatchback,fwd,front,98.8,0.8543969245555022,0.9236111111111112,0.8979933110367894,2385,ohc,four,122,2bbl,3.39,3.39,8.6,84,4800,26,32,10.923076923076923,8.875,low,0,1,1,0,0,0,1,0,0,8845
57,0,115,mazda,gas,four,sedan,fwd,front,98.8,0.8543969245555022,0.9236111111111112,0.9280936454849499,2410,ohc,four,122,2bbl,3.39,3.39,8.6,84,4800,26,32,10.923076923076923,8.875,low,0,1,1,0,0,0,0,1,0,8495
58,1,129,mazda,gas,two,hatchback,fwd,front,98.8,0.8543969245555022,0.9236111111111112,0.8979933110367894,2385,ohc,four,122,2bbl,3.39,3.39,8.6,84,4800,26,32,10.923076923076923,8.875,low,0,1,1,0,0,0,1,0,0,10595
59,0,115,mazda,gas,four,sedan,fwd,front,98.8,0.8543969245555022,0.9236111111111112,0.9280936454849499,2410,ohc,four,122,2bbl,3.39,3.39,8.6,84,4800,26,32,10.923076923076923,8.875,low,0,1,1,0,0,0,0,1,0,10245
60,0,122,mazda,diesel,four,sedan,fwd,front,98.8,0.8543969245555022,0.9236111111111112,0.9280936454849499,2443,ohc,four,122,idi,3.39,3.39,22.7,64,4650,36,42,7.888888888888889,6.761904761904762,low,1,0,1,0,0,0,0,1,0,10795
61,0,115,mazda,gas,four,hatchback,fwd,front,98.8,0.8543969245555022,0.9236111111111112,0.9280936454849499,2425,ohc,four,122,2bbl,3.39,3.39,8.6,84,4800,26,32,10.923076923076923,8.875,low,0,1,1,0,0,0,1,0,0,11245
62,0,118,mazda,gas,four,sedan,rwd,front,104.9,0.8409418548774628,0.9180555555555555,0.9096989966555185,2670,ohc,four,140,mpfi,3.76,3.16,8.0,120,5000,19,27,14.947368421052632,10.518518518518519,medium,0,1,1,0,0,0,0,1,0,18280
63,0,122,mazda,diesel,four,sedan,rwd,front,104.9,0.8409418548774628,0.9180555555555555,0.9096989966555185,2700,ohc,four,134,idi,3.43,3.64,22.0,72,4200,31,39,9.161290322580646,7.282051282051282,low,1,0,1,0,0,0,0,1,0,18344
64,-1,93,mercedes-benz,diesel,four,sedan,rwd,front,110.0,0.9173474291206152,0.9763888888888889,0.9448160535117057,3515,ohc,five,183,idi,3.58,3.64,21.5,123,4350,22,25,12.909090909090908,11.36,medium,1,0,0,1,0,0,0,1,0,25552
65,-1,93,mercedes-benz,diesel,four,wagon,rwd,front,110.0,0.9173474291206152,0.9763888888888889,0.9816053511705687,3750,ohc,five,183,idi,3.58,3.64,21.5,123,4350,22,25,12.909090909090908,11.36,medium,1,0,0,1,0,0,0,0,1,28248
66,0,93,mercedes-benz,diesel,two,hardtop,rwd,front,106.7,0.9010091302258529,0.9763888888888889,0.9180602006688964,3495,ohc,five,183,idi,3.58,3.64,21.5,123,4350,22,25,12.909090909090908,11.36,medium,1,0,0,1,0,1,0,0,0,28176
67,-1,93,mercedes-benz,diesel,four,sedan,rwd,front,115.6,0.9735703988467083,0.9958333333333333,0.9414715719063546,3770,ohc,five,183,idi,3.58,3.64,21.5,123,4350,22,25,12.909090909090908,11.36,medium,1,0,0,1,0,0,0,1,0,31600
68,-1,122,mercedes-benz,gas,four,sedan,rwd,front,115.6,0.9735703988467083,0.9958333333333333,0.9448160535117057,3740,ohcv,eight,234,mpfi,3.46,3.1,8.3,155,4750,16,18,17.75,15.777777777777779,medium,0,1,1,0,0,0,0,1,0,34184
69,3,142,mercedes-benz,gas,two,convertible,rwd,front,96.6,0.8664103796251803,0.9791666666666666,0.8494983277591973,3685,ohcv,eight,234,mpfi,3.46,3.1,8.3,155,4750,16,18,17.75,15.777777777777779,medium,0,1,1,0,1,0,0,0,0,35056
70,0,122,mercedes-benz,gas,four,sedan,rwd,front,120.9,1.0,0.9958333333333333,0.948160535117057,3900,ohcv,eight,308,mpfi,3.8,3.35,8.0,184,4500,14,16,20.285714285714285,17.75,medium,0,1,1,0,0,0,0,1,0,40960
71,1,122,mercedes-benz,gas,two,hardtop,rwd,front,112.0,0.9572320999519461,1.0,0.9264214046822743,3715,ohcv,eight,304,mpfi,3.8,3.35,8.0,184,4500,14,16,20.285714285714285,17.75,medium,0,1,1,0,0,1,0,0,0,45400
72,1,122,mercury,gas,two,hatchback,rwd,front,102.7,0.857280153772225,0.9444444444444444,0.9163879598662207,2910,ohc,four,140,mpfi,3.78,3.12,8.0,175,5000,19,24,14.947368421052632,11.833333333333334,medium,0,1,0,1,0,0,1,0,0,16503
73,2,161,mitsubishi,gas,two,hatchback,fwd,front,93.7,0.7558865929841423,0.8944444444444445,0.8494983277591973,1918,ohc,four,92,2bbl,2.97,3.23,9.4,68,5500,37,41,7.675675675675675,6.926829268292683,low,0,1,1,0,0,0,1,0,0,5389
74,2,161,mitsubishi,gas,two,hatchback,fwd,front,93.7,0.7558865929841423,0.8944444444444445,0.8494983277591973,1944,ohc,four,92,2bbl,2.97,3.23,9.4,68,5500,31,38,9.161290322580646,7.473684210526316,low,0,1,1,0,0,0,1,0,0,6189
75,2,161,mitsubishi,gas,two,hatchback,fwd,front,93.7,0.7558865929841423,0.8944444444444445,0.8494983277591973,2004,ohc,four,92,2bbl,2.97,3.23,9.4,68,5500,31,38,9.161290322580646,7.473684210526316,low,0,1,1,0,0,0,1,0,0,6669
76,1,161,mitsubishi,gas,two,hatchback,fwd,front,93.0,0.7558865929841423,0.8861111111111111,0.8494983277591973,2145,ohc,four,98,spdi,3.03,3.39,7.6,102,5500,24,30,11.833333333333334,9.466666666666667,low,0,1,0,1,0,0,1,0,0,7689
77,3,153,mitsubishi,gas,two,hatchback,fwd,front,96.3,0.8313310908217203,0.9083333333333334,0.8260869565217391,2370,ohc,four,110,spdi,3.17,3.46,7.5,116,5500,23,30,12.347826086956522,9.466666666666667,low,0,1,0,1,0,0,1,0,0,9959
78,3,153,mitsubishi,gas,two,hatchback,fwd,front,96.3,0.8313310908217203,0.9083333333333334,0.8260869565217391,2328,ohc,four,122,2bbl,3.35,3.46,8.5,88,5000,25,32,11.36,8.875,low,0,1,1,0,0,0,1,0,0,8499
79,3,122,mitsubishi,gas,two,hatchback,fwd,front,95.9,0.8322921672272945,0.9208333333333333,0.8394648829431439,2833,ohc,four,156,spdi,3.58,3.86,7.0,145,5000,19,24,14.947368421052632,11.833333333333334,medium,0,1,0,1,0,0,1,0,0,12629
80,3,122,mitsubishi,gas,two,hatchback,fwd,front,95.9,0.8322921672272945,0.9208333333333333,0.8394648829431439,2921,ohc,four,156,spdi,3.59,3.86,7.0,145,5000,19,24,14.947368421052632,11.833333333333334,medium,0,1,0,1,0,0,1,0,0,14869
81,3,122,mitsubishi,gas,two,hatchback,fwd,front,95.9,0.8322921672272945,0.9208333333333333,0.8394648829431439,2926,ohc,four,156,spdi,3.59,3.86,7.0,145,5000,19,24,14.947368421052632,11.833333333333334,medium,0,1,0,1,0,0,1,0,0,14489
82,1,125,mitsubishi,gas,four,sedan,fwd,front,96.3,0.8284478616049976,0.9083333333333334,0.8628762541806021,2365,ohc,four,122,2bbl,3.35,3.46,8.5,88,5000,25,32,11.36,8.875,low,0,1,1,0,0,0,0,1,0,6989
83,1,125,mitsubishi,gas,four,sedan,fwd,front,96.3,0.8284478616049976,0.9083333333333334,0.8628762541806021,2405,ohc,four,122,2bbl,3.35,3.46,8.5,88,5000,25,32,11.36,8.875,low,0,1,1,0,0,0,0,1,0,8189
84,1,125,mitsubishi,gas,four,sedan,fwd,front,96.3,0.8284478616049976,0.9083333333333334,0.8628762541806021,2403,ohc,four,110,spdi,3.17,3.46,7.5,116,5500,23,30,12.347826086956522,9.466666666666667,low,0,1,0,1,0,0,0,1,0,9279
85,-1,137,mitsubishi,gas,four,sedan,fwd,front,96.3,0.8284478616049976,0.9083333333333334,0.8628762541806021,2403,ohc,four,110,spdi,3.17,3.46,7.5,116,5500,23,30,12.347826086956522,9.466666666666667,low,0,1,1,0,0,0,0,1,0,9279
86,1,128,nissan,gas,two,sedan,fwd,front,94.5,0.794329649207112,0.8861111111111111,0.911371237458194,1889,ohc,four,97,2bbl,3.15,3.29,9.4,69,5200,31,37,9.161290322580646,7.675675675675675,low,0,1,1,0,0,0,0,1,0,5499
87,1,128,nissan,diesel,two,sedan,fwd,front,94.5,0.794329649207112,0.8861111111111111,0.911371237458194,2017,ohc,four,103,idi,2.99,3.47,21.9,55,4800,45,50,6.311111111111111,5.68,low,1,0,1,0,0,0,0,1,0,7099
88,1,128,nissan,gas,two,sedan,fwd,front,94.5,0.794329649207112,0.8861111111111111,0.911371237458194,1918,ohc,four,97,2bbl,3.15,3.29,9.4,69,5200,31,37,9.161290322580646,7.675675675675675,low,0,1,1,0,0,0,0,1,0,6649
89,1,122,nissan,gas,four,sedan,fwd,front,94.5,0.794329649207112,0.8861111111111111,0.911371237458194,1938,ohc,four,97,2bbl,3.15,3.29,9.4,69,5200,31,37,9.161290322580646,7.675675675675675,low,0,1,1,0,0,0,0,1,0,6849
90,1,103,nissan,gas,four,wagon,fwd,front,94.5,0.8178760211436809,0.8861111111111111,0.8946488294314382,2024,ohc,four,97,2bbl,3.15,3.29,9.4,69,5200,31,37,9.161290322580646,7.675675675675675,low,0,1,1,0,0,0,0,0,1,7349
91,1,128,nissan,gas,two,sedan,fwd,front,94.5,0.794329649207112,0.8861111111111111,0.911371237458194,1951,ohc,four,97,2bbl,3.15,3.29,9.4,69,5200,31,37,9.161290322580646,7.675675675675675,low,0,1,1,0,0,0,0,1,0,7299
92,1,128,nissan,gas,two,hatchback,fwd,front,94.5,0.7957712638154734,0.8861111111111111,0.8913043478260869,2028,ohc,four,97,2bbl,3.15,3.29,9.4,69,5200,31,37,9.161290322580646,7.675675675675675,low,0,1,1,0,0,0,1,0,0,7799
93,1,122,nissan,gas,four,sedan,fwd,front,94.5,0.794329649207112,0.8861111111111111,0.911371237458194,1971,ohc,four,97,2bbl,3.15,3.29,9.4,69,5200,31,37,9.161290322580646,7.675675675675675,low,0,1,1,0,0,0,0,1,0,7499
94,1,103,nissan,gas,four,wagon,fwd,front,94.5,0.8178760211436809,0.8861111111111111,0.8946488294314382,2037,ohc,four,97,2bbl,3.15,3.29,9.4,69,5200,31,37,9.161290322580646,7.675675675675675,low,0,1,1,0,0,0,0,0,1,7999
95,2,168,nissan,gas,two,hardtop,fwd,front,95.1,0.7803940413262855,0.8861111111111111,0.8913043478260869,2008,ohc,four,97,2bbl,3.15,3.29,9.4,69,5200,31,37,9.161290322580646,7.675675675675675,low,0,1,1,0,0,1,0,0,0,8249
96,0,106,nissan,gas,four,hatchback,fwd,front,97.2,0.8332532436328689,0.9055555555555556,0.9147157190635452,2324,ohc,four,120,2bbl,3.33,3.47,8.5,97,5200,27,34,10.518518518518519,8.352941176470589,low,0,1,1,0,0,0,1,0,0,8949
97,0,106,nissan,gas,four,sedan,fwd,front,97.2,0.8332532436328689,0.9055555555555556,0.9147157190635452,2302,ohc,four,120,2bbl,3.33,3.47,8.5,97,5200,27,34,10.518518518518519,8.352941176470589,low,0,1,1,0,0,0,0,1,0,9549
98,0,128,nissan,gas,four,sedan,fwd,front,100.4,0.8731379144641999,0.9236111111111112,0.9214046822742475,3095,ohcv,six,181,mpfi,3.43,3.27,9.0,152,5200,17,22,16.705882352941178,12.909090909090908,medium,0,1,1,0,0,0,0,1,0,13499
99,0,108,nissan,gas,four,wagon,fwd,front,100.4,0.8870735223450265,0.9236111111111112,0.9381270903010034,3296,ohcv,six,181,mpfi,3.43,3.27,9.0,152,5200,17,22,16.705882352941178,12.909090909090908,medium,0,1,1,0,0,0,0,0,1,14399
100,0,108,nissan,gas,four,sedan,fwd,front,100.4,0.8870735223450265,0.9236111111111112,0.9214046822742475,3060,ohcv,six,181,mpfi,3.43,3.27,9.0,152,5200,19,25,14.947368421052632,11.36,medium,0,1,1,0,0,0,0,1,0,13499
101,3,194,nissan,gas,two,hatchback,rwd,front,91.3,0.8202787121576165,0.9430555555555556,0.831103678929766,3071,ohcv,six,181,mpfi,3.43,3.27,9.0,160,5200,19,25,14.947368421052632,11.36,medium,0,1,1,0,0,0,1,0,0,17199
102,3,194,nissan,gas,two,hatchback,rwd,front,91.3,0.8202787121576165,0.9430555555555556,0.831103678929766,3139,ohcv,six,181,mpfi,3.43,3.27,7.8,200,5200,17,23,16.705882352941178,12.347826086956522,high,0,1,0,1,0,0,1,0,0,19699
103,1,231,nissan,gas,two,hatchback,rwd,front,99.2,0.857760691975012,0.9430555555555556,0.831103678929766,3139,ohcv,six,181,mpfi,3.43,3.27,9.0,160,5200,19,25,14.947368421052632,11.36,medium,0,1,1,0,0,0,1,0,0,18399
104,0,161,peugot,gas,four,sedan,rwd,front,107.9,0.897164824603556,0.9500000000000001,0.948160535117057,3020,l,four,120,mpfi,3.46,3.19,8.4,97,5000,19,24,14.947368421052632,11.833333333333334,low,0,1,1,0,0,0,0,1,0,11900
105,0,161,peugot,diesel,four,sedan,rwd,front,107.9,0.897164824603556,0.9500000000000001,0.948160535117057,3197,l,four,152,idi,3.7,3.52,21.0,95,4150,28,33,10.142857142857142,8.606060606060606,low,1,0,0,1,0,0,0,1,0,13200
106,0,122,peugot,gas,four,wagon,rwd,front,114.2,0.9557904853435849,0.9500000000000001,0.9816053511705687,3230,l,four,120,mpfi,3.46,3.19,8.4,97,5000,19,24,14.947368421052632,11.833333333333334,low,0,1,1,0,0,0,0,0,1,12440
107,0,122,peugot,diesel,four,wagon,rwd,front,114.2,0.9557904853435849,0.9500000000000001,0.9816053511705687,3430,l,four,152,idi,3.7,3.52,21.0,95,4150,25,25,11.36,11.36,low,1,0,0,1,0,0,0,0,1,13860
108,0,161,peugot,gas,four,sedan,rwd,front,107.9,0.897164824603556,0.9500000000000001,0.948160535117057,3075,l,four,120,mpfi,3.46,2.19,8.4,95,5000,19,24,14.947368421052632,11.833333333333334,low,0,1,1,0,0,0,0,1,0,15580
109,0,161,peugot,diesel,four,sedan,rwd,front,107.9,0.897164824603556,0.9500000000000001,0.948160535117057,3252,l,four,152,idi,3.7,3.52,21.0,95,4150,28,33,10.142857142857142,8.606060606060606,low,1,0,0,1,0,0,0,1,0,16900
110,0,122,peugot,gas,four,wagon,rwd,front,114.2,0.9557904853435849,0.9500000000000001,0.948160535117057,3285,l,four,120,mpfi,3.46,2.19,8.4,95,5000,19,24,14.947368421052632,11.833333333333334,low,0,1,1,0,0,0,0,0,1,16695
111,0,122,peugot,diesel,four,wagon,rwd,front,114.2,0.9557904853435849,0.9500000000000001,0.9816053511705687,3485,l,four,152,idi,3.7,3.52,21.0,95,4150,25,25,11.36,11.36,low,1,0,0,1,0,0,0,0,1,17075
112,0,161,peugot,gas,four,sedan,rwd,front,107.9,0.897164824603556,0.9500000000000001,0.948160535117057,3075,l,four,120,mpfi,3.46,3.19,8.4,97,5000,19,24,14.947368421052632,11.833333333333334,low,0,1,1,0,0,0,0,1,0,16630
113,0,161,peugot,diesel,four,sedan,rwd,front,107.9,0.897164824603556,0.9500000000000001,0.948160535117057,3252,l,four,152,idi,3.7,3.52,21.0,95,4150,28,33,10.142857142857142,8.606060606060606,low,1,0,0,1,0,0,0,1,0,17950
114,0,161,peugot,gas,four,sedan,rwd,front,108.0,0.897164824603556,0.9486111111111111,0.9364548494983278,3130,l,four,134,mpfi,3.61,3.21,7.0,142,5600,18,24,15.777777777777779,11.833333333333334,medium,0,1,0,1,0,0,0,1,0,18150
115,1,119,plymouth,gas,two,hatchback,fwd,front,93.7,0.7558865929841423,0.8861111111111111,0.8494983277591973,1918,ohc,four,90,2bbl,2.97,3.23,9.4,68,5500,37,41,7.675675675675675,6.926829268292683,low,0,1,1,0,0,0,1,0,0,5572
116,1,119,plymouth,gas,two,hatchback,fwd,front,93.7,0.7558865929841423,0.8861111111111111,0.8494983277591973,2128,ohc,four,98,spdi,3.03,3.39,7.6,102,5500,24,30,11.833333333333334,9.466666666666667,low,0,1,0,1,0,0,1,0,0,7957
117,1,154,plymouth,gas,four,hatchback,fwd,front,93.7,0.7558865929841423,0.8861111111111111,0.8461538461538463,1967,ohc,four,90,2bbl,2.97,3.23,9.4,68,5500,31,38,9.161290322580646,7.473684210526316,low,0,1,1,0,0,0,1,0,0,6229
118,1,154,plymouth,gas,four,sedan,fwd,front,93.7,0.8039404132628545,0.8861111111111111,0.8494983277591973,1989,ohc,four,90,2bbl,2.97,3.23,9.4,68,5500,31,38,9.161290322580646,7.473684210526316,low,0,1,1,0,0,0,0,1,0,6692
119,1,154,plymouth,gas,four,sedan,fwd,front,93.7,0.8039404132628545,0.8861111111111111,0.8494983277591973,2191,ohc,four,98,2bbl,2.97,3.23,9.4,68,5500,31,38,9.161290322580646,7.473684210526316,low,0,1,1,0,0,0,0,1,0,7609
120,-1,74,plymouth,gas,four,wagon,fwd,front,103.3,0.8390197020663143,0.8972222222222221,1.0,2535,ohc,four,122,2bbl,3.35,3.46,8.5,88,5000,24,30,11.833333333333334,9.466666666666667,low,0,1,1,0,0,0,0,0,1,8921
121,3,122,plymouth,gas,two,hatchback,rwd,front,95.9,0.8322921672272945,0.9208333333333333,0.8394648829431439,2818,ohc,four,156,spdi,3.59,3.86,7.0,145,5000,19,24,14.947368421052632,11.833333333333334,medium,0,1,0,1,0,0,1,0,0,12764
122,3,186,porsche,gas,two,hatchback,rwd,front,94.5,0.8116290245074483,0.9486111111111111,0.8394648829431439,2778,ohc,four,151,mpfi,3.94,3.11,9.5,143,5500,19,27,14.947368421052632,10.518518518518519,medium,0,1,1,0,0,0,1,0,0,22018
123,3,122,porsche,gas,two,hardtop,rwd,rear,89.5,0.8116290245074483,0.9027777777777778,0.8628762541806021,2756,ohcf,six,194,mpfi,3.74,2.9,9.5,207,5900,17,25,16.705882352941178,11.36,high,0,1,1,0,0,1,0,0,0,32528
124,3,122,porsche,gas,two,hardtop,rwd,rear,89.5,0.8116290245074483,0.9027777777777778,0.8628762541806021,2756,ohcf,six,194,mpfi,3.74,2.9,9.5,207,5900,17,25,16.705882352941178,11.36,high,0,1,1,0,0,1,0,0,0,34028
125,3,122,porsche,gas,two,convertible,rwd,rear,89.5,0.8116290245074483,0.9027777777777778,0.8628762541806021,2800,ohcf,six,194,mpfi,3.74,2.9,9.5,207,5900,17,25,16.705882352941178,11.36,high,0,1,1,0,1,0,0,0,0,37028
126,0,122,renault,gas,four,wagon,fwd,front,96.1,0.8721768380586257,0.9236111111111112,0.9230769230769231,2579,ohc,four,132,mpfi,3.46,3.9,8.7,104,5125,23,31,12.347826086956522,9.161290322580646,low,0,1,1,0,0,0,0,0,1,9295
127,2,122,renault,gas,two,hatchback,fwd,front,96.1,0.849591542527631,0.9249999999999999,0.8444816053511706,2460,ohc,four,132,mpfi,3.46,3.9,8.7,104,5125,23,31,12.347826086956522,9.161290322580646,low,0,1,1,0,0,0,1,0,0,9895
128,3,150,saab,gas,two,hatchback,fwd,front,99.1,0.8966842864007688,0.9236111111111112,0.9381270903010034,2658,ohc,four,121,mpfi,3.54,3.07,9.31,110,5250,21,28,13.523809523809524,10.142857142857142,low,0,1,1,0,0,0,1,0,0,11850
129,2,104,saab,gas,four,sedan,fwd,front,99.1,0.8966842864007688,0.9236111111111112,0.9381270903010034,2695,ohc,four,121,mpfi,3.54,3.07,9.3,110,5250,21,28,13.523809523809524,10.142857142857142,low,0,1,1,0,0,0,0,1,0,12170
130,3,150,saab,gas,two,hatchback,fwd,front,99.1,0.8966842864007688,0.9236111111111112,0.9381270903010034,2707,ohc,four,121,mpfi,2.54,2.07,9.3,110,5250,21,28,13.523809523809524,10.142857142857142,low,0,1,1,0,0,0,1,0,0,15040
131,2,104,saab,gas,four,sedan,fwd,front,99.1,0.8966842864007688,0.9236111111111112,0.9381270903010034,2758,ohc,four,121,mpfi,3.54,3.07,9.3,110,5250,21,28,13.523809523809524,10.142857142857142,low,0,1,1,0,0,0,0,1,0,15510
132,3,150,saab,gas,two,hatchback,fwd,front,99.1,0.8966842864007688,0.9236111111111112,0.9381270903010034,2808,dohc,four,121,mpfi,3.54,3.07,9.0,160,5500,19,26,14.947368421052632,10.923076923076923,medium,0,1,0,1,0,0,1,0,0,18150
133,2,104,saab,gas,four,sedan,fwd,front,99.1,0.8966842864007688,0.9236111111111112,0.9381270903010034,2847,dohc,four,121,mpfi,3.54,3.07,9.0,160,5500,19,26,14.947368421052632,10.923076923076923,medium,0,1,0,1,0,0,0,1,0,18620
134,2,83,subaru,gas,two,hatchback,fwd,front,93.7,0.7539644401729938,0.8805555555555555,0.8979933110367894,2050,ohcf,four,97,2bbl,3.62,2.36,9.0,69,4900,31,36,9.161290322580646,7.888888888888889,low,0,1,1,0,0,0,1,0,0,5118
135,2,83,subaru,gas,two,hatchback,fwd,front,93.7,0.758769822200865,0.8833333333333333,0.8979933110367894,2120,ohcf,four,108,2bbl,3.62,2.64,8.7,73,4400,26,31,10.923076923076923,9.161290322580646,low,0,1,1,0,0,0,1,0,0,7053
136,2,83,subaru,gas,two,hatchback,4wd,front,93.3,0.7558865929841423,0.8861111111111111,0.931438127090301,2240,ohcf,four,108,2bbl,3.62,2.64,8.7,73,4400,26,31,10.923076923076923,9.161290322580646,low,0,1,1,0,0,0,1,0,0,7603
137,0,102,subaru,gas,four,sedan,fwd,front,97.2,0.8265257087938491,0.9083333333333334,0.8779264214046824,2145,ohcf,four,108,2bbl,3.62,2.64,9.5,82,4800,32,37,8.875,7.675675675675675,low,0,1,1,0,0,0,0,1,0,7126
138,0,102,subaru,gas,four,sedan,fwd,front,97.2,0.8265257087938491,0.9083333333333334,0.8779264214046824,2190,ohcf,four,108,2bbl,3.62,2.64,9.5,82,4400,28,33,10.142857142857142,8.606060606060606,low,0,1,1,0,0,0,0,1,0,7775
139,0,102,subaru,gas,four,sedan,fwd,front,97.2,0.8265257087938491,0.9083333333333334,0.8779264214046824,2340,ohcf,four,108,mpfi,3.62,2.64,9.0,94,5200,26,32,10.923076923076923,8.875,low,0,1,1,0,0,0,0,1,0,9960
140,0,102,subaru,gas,four,sedan,4wd,front,97.0,0.8265257087938491,0.9083333333333334,0.9080267558528428,2385,ohcf,four,108,2bbl,3.62,2.64,9.0,82,4800,24,25,11.833333333333334,11.36,low,0,1,1,0,0,0,0,1,0,9233
141,0,102,subaru,gas,four,sedan,4wd,front,97.0,0.8265257087938491,0.9083333333333334,0.9080267558528428,2510,ohcf,four,108,mpfi,3.62,2.64,7.7,111,4800,24,29,11.833333333333334,9.793103448275861,low,0,1,0,1,0,0,0,1,0,11259
142,0,89,subaru,gas,four,wagon,fwd,front,97.0,0.8337337818356559,0.9083333333333334,0.8862876254180603,2290,ohcf,four,108,2bbl,3.62,2.64,9.0,82,4800,28,32,10.142857142857142,8.875,low,0,1,1,0,0,0,0,0,1,7463
143,0,89,subaru,gas,four,wagon,fwd,front,97.0,0.8337337818356559,0.9083333333333334,0.8862876254180603,2455,ohcf,four,108,mpfi,3.62,2.64,9.0,94,5200,25,31,11.36,9.161290322580646,low,0,1,1,0,0,0,0,0,1,10198
144,0,85,subaru,gas,four,wagon,4wd,front,96.9,0.8342143200384431,0.9083333333333334,0.9180602006688964,2420,ohcf,four,108,2bbl,3.62,2.64,9.0,82,4800,23,29,12.347826086956522,9.793103448275861,low,0,1,1,0,0,0,0,0,1,8013
145,0,85,subaru,gas,four,wagon,4wd,front,96.9,0.8342143200384431,0.9083333333333334,0.9180602006688964,2650,ohcf,four,108,mpfi,3.62,2.64,7.7,111,4800,23,23,12.347826086956522,12.347826086956522,low,0,1,0,1,0,0,0,0,1,11694
146,1,87,toyota,gas,two,hatchback,fwd,front,95.7,0.762614127823162,0.8833333333333333,0.911371237458194,1985,ohc,four,92,2bbl,3.05,3.03,9.0,62,4800,35,39,8.114285714285714,7.282051282051282,low,0,1,1,0,0,0,1,0,0,5348
147,1,87,toyota,gas,two,hatchback,fwd,front,95.7,0.762614127823162,0.8833333333333333,0.911371237458194,2040,ohc,four,92,2bbl,3.05,3.03,9.0,62,4800,31,38,9.161290322580646,7.473684210526316,low,0,1,1,0,0,0,1,0,0,6338
148,1,74,toyota,gas,four,hatchback,fwd,front,95.7,0.762614127823162,0.8833333333333333,0.911371237458194,2015,ohc,four,92,2bbl,3.05,3.03,9.0,62,4800,31,38,9.161290322580646,7.473684210526316,low,0,1,1,0,0,0,1,0,0,6488
149,0,77,toyota,gas,four,wagon,fwd,front,95.7,0.8154733301297453,0.8833333333333333,0.988294314381271,2280,ohc,four,92,2bbl,3.05,3.03,9.0,62,4800,31,37,9.161290322580646,7.675675675675675,low,0,1,1,0,0,0,0,0,1,6918
150,0,81,toyota,gas,four,wagon,4wd,front,95.7,0.8154733301297453,0.8833333333333333,0.988294314381271,2290,ohc,four,92,2bbl,3.05,3.03,9.0,62,4800,27,32,10.518518518518519,8.875,low,0,1,1,0,0,0,0,0,1,7898
151,0,91,toyota,gas,four,wagon,4wd,front,95.7,0.8154733301297453,0.8833333333333333,0.988294314381271,3110,ohc,four,92,2bbl,3.05,3.03,9.0,62,4800,27,32,10.518518518518519,8.875,low,0,1,1,0,0,0,0,0,1,8778
152,0,91,toyota,gas,four,sedan,fwd,front,95.7,0.7991350312349833,0.8944444444444445,0.8862876254180603,2081,ohc,four,98,2bbl,3.19,3.03,9.0,70,4800,30,37,9.466666666666667,7.675675675675675,low,0,1,1,0,0,0,0,1,0,6938
153,0,91,toyota,gas,four,hatchback,fwd,front,95.7,0.7991350312349833,0.8944444444444445,0.882943143812709,2109,ohc,four,98,2bbl,3.19,3.03,9.0,70,4800,30,37,9.466666666666667,7.675675675675675,low,0,1,1,0,0,0,1,0,0,7198
154,0,91,toyota,diesel,four,sedan,fwd,front,95.7,0.7991350312349833,0.8944444444444445,0.8862876254180603,2275,ohc,four,110,idi,3.27,3.35,22.5,56,4500,34,36,8.352941176470589,7.888888888888889,low,1,0,1,0,0,0,0,1,0,7898
155,0,91,toyota,diesel,four,hatchback,fwd,front,95.7,0.7991350312349833,0.8944444444444445,0.882943143812709,2275,ohc,four,110,idi,3.27,3.35,22.5,56,4500,38,47,7.473684210526316,6.042553191489362,low,1,0,1,0,0,0,1,0,0,7788
156,0,91,toyota,gas,four,sedan,fwd,front,95.7,0.7991350312349833,0.8944444444444445,0.8862876254180603,2094,ohc,four,98,2bbl,3.19,3.03,9.0,70,4800,38,47,7.473684210526316,6.042553191489362,low,0,1,1,0,0,0,0,1,0,7738
157,0,91,toyota,gas,four,hatchback,fwd,front,95.7,0.7991350312349833,0.8944444444444445,0.882943143812709,2122,ohc,four,98,2bbl,3.19,3.03,9.0,70,4800,28,34,10.142857142857142,8.352941176470589,low,0,1,1,0,0,0,1,0,0,8358
158,0,91,toyota,gas,four,sedan,fwd,front,95.7,0.7991350312349833,0.8944444444444445,0.882943143812709,2140,ohc,four,98,2bbl,3.19,3.03,9.0,70,4800,28,34,10.142857142857142,8.352941176470589,low,0,1,1,0,0,0,0,1,0,9258
159,1,168,toyota,gas,two,sedan,rwd,front,94.5,0.810667948101874,0.8888888888888888,0.8795986622073579,2169,ohc,four,98,2bbl,3.19,3.03,9.0,70,4800,29,34,9.793103448275861,8.352941176470589,low,0,1,1,0,0,0,0,1,0,8058
160,1,168,toyota,gas,two,hatchback,rwd,front,94.5,0.810667948101874,0.8888888888888888,0.8795986622073579,2204,ohc,four,98,2bbl,3.19,3.03,9.0,70,4800,29,34,9.793103448275861,8.352941176470589,low,0,1,1,0,0,0,1,0,0,8238
161,1,168,toyota,gas,two,sedan,rwd,front,94.5,0.810667948101874,0.8888888888888888,0.8795986622073579,2265,dohc,four,98,mpfi,3.24,3.08,9.4,112,6600,26,29,10.923076923076923,9.793103448275861,low,0,1,1,0,0,0,0,1,0,9298
162,1,168,toyota,gas,two,hatchback,rwd,front,94.5,0.810667948101874,0.8888888888888888,0.8795986622073579,2300,dohc,four,98,mpfi,3.24,3.08,9.4,112,6600,26,29,10.923076923076923,9.793103448275861,low,0,1,1,0,0,0,1,0,0,9538
163,2,134,toyota,gas,two,hardtop,rwd,front,98.4,0.8467083133109082,0.911111111111111,0.8695652173913044,2540,ohc,four,146,mpfi,3.62,3.5,9.3,116,4800,24,30,11.833333333333334,9.466666666666667,low,0,1,1,0,0,1,0,0,0,8449
164,2,134,toyota,gas,two,hardtop,rwd,front,98.4,0.8467083133109082,0.911111111111111,0.8695652173913044,2536,ohc,four,146,mpfi,3.62,3.5,9.3,116,4800,24,30,11.833333333333334,9.466666666666667,low,0,1,1,0,0,1,0,0,0,9639
165,2,134,toyota,gas,two,hatchback,rwd,front,98.4,0.8467083133109082,0.911111111111111,0.8695652173913044,2551,ohc,four,146,mpfi,3.62,3.5,9.3,116,4800,24,30,11.833333333333334,9.466666666666667,low,0,1,1,0,0,0,1,0,0,9989
166,2,134,toyota,gas,two,hardtop,rwd,front,98.4,0.8467083133109082,0.911111111111111,0.8695652173913044,2679,ohc,four,146,mpfi,3.62,3.5,9.3,116,4800,24,30,11.833333333333334,9.466666666666667,low,0,1,1,0,0,1,0,0,0,11199
167,2,134,toyota,gas,two,hatchback,rwd,front,98.4,0.8467083133109082,0.911111111111111,0.8695652173913044,2714,ohc,four,146,mpfi,3.62,3.5,9.3,116,4800,24,30,11.833333333333334,9.466666666666667,low,0,1,1,0,0,0,1,0,0,11549
168,2,134,toyota,gas,two,convertible,rwd,front,98.4,0.8467083133109082,0.911111111111111,0.8862876254180603,2975,ohc,four,146,mpfi,3.62,3.5,9.3,116,4800,24,30,11.833333333333334,9.466666666666667,low,0,1,1,0,1,0,0,0,0,17669
169,-1,65,toyota,gas,four,sedan,fwd,front,102.4,0.8438250840941854,0.9236111111111112,0.9180602006688964,2326,ohc,four,122,mpfi,3.31,3.54,8.7,92,4200,29,34,9.793103448275861,8.352941176470589,low,0,1,1,0,0,0,0,1,0,8948
170,-1,65,toyota,diesel,four,sedan,fwd,front,102.4,0.8438250840941854,0.9236111111111112,0.9180602006688964,2480,ohc,four,110,idi,3.27,3.35,22.5,73,4500,30,33,9.466666666666667,8.606060606060606,low,1,0,0,1,0,0,0,1,0,10698
171,-1,65,toyota,gas,four,hatchback,fwd,front,102.4,0.8438250840941854,0.9236111111111112,0.9013377926421405,2414,ohc,four,122,mpfi,3.31,3.54,8.7,92,4200,27,32,10.518518518518519,8.875,low,0,1,1,0,0,0,1,0,0,9988
172,-1,65,toyota,gas,four,sedan,fwd,front,102.4,0.8438250840941854,0.9236111111111112,0.9180602006688964,2414,ohc,four,122,mpfi,3.31,3.54,8.7,92,4200,27,32,10.518518518518519,8.875,low,0,1,1,0,0,0,0,1,0,10898
173,-1,65,toyota,gas,four,hatchback,fwd,front,102.4,0.8438250840941854,0.9236111111111112,0.9013377926421405,2458,ohc,four,122,mpfi,3.31,3.54,8.7,92,4200,27,32,10.518518518518519,8.875,low,0,1,1,0,0,0,1,0,0,11248
174,3,197,toyota,gas,two,hatchback,rwd,front,102.9,0.8817876021143681,0.9402777777777778,0.8695652173913044,2976,dohc,six,171,mpfi,3.27,3.35,9.3,161,5200,20,24,14.2,11.833333333333334,medium,0,1,1,0,0,0,1,0,0,16558
175,3,197,toyota,gas,two,hatchback,rwd,front,102.9,0.8817876021143681,0.9402777777777778,0.8695652173913044,3016,dohc,six,171,mpfi,3.27,3.35,9.3,161,5200,19,24,14.947368421052632,11.833333333333334,medium,0,1,1,0,0,0,1,0,0,15998
176,-1,90,toyota,gas,four,sedan,rwd,front,104.5,0.9024507448342144,0.9236111111111112,0.9046822742474917,3131,dohc,six,171,mpfi,3.27,3.35,9.2,156,5200,20,24,14.2,11.833333333333334,medium,0,1,1,0,0,0,0,1,0,15690
177,-1,122,toyota,gas,four,wagon,rwd,front,104.5,0.9024507448342144,0.9236111111111112,0.9046822742474917,3151,dohc,six,161,mpfi,3.27,3.35,9.2,156,5200,19,24,14.947368421052632,11.833333333333334,medium,0,1,1,0,0,0,0,0,1,15750
178,2,122,volkswagen,diesel,two,sedan,fwd,front,97.3,0.8250840941854877,0.9097222222222222,0.931438127090301,2261,ohc,four,97,idi,3.01,3.4,23.0,52,4800,37,46,7.675675675675675,6.173913043478261,low,1,0,1,0,0,0,0,1,0,7775
179,2,122,volkswagen,gas,two,sedan,fwd,front,97.3,0.8250840941854877,0.9097222222222222,0.931438127090301,2209,ohc,four,109,mpfi,3.19,3.4,9.0,85,5250,27,34,10.518518518518519,8.352941176470589,low,0,1,1,0,0,0,0,1,0,7975
180,2,94,volkswagen,diesel,four,sedan,fwd,front,97.3,0.8250840941854877,0.9097222222222222,0.931438127090301,2264,ohc,four,97,idi,3.01,3.4,23.0,52,4800,37,46,7.675675675675675,6.173913043478261,low,1,0,1,0,0,0,0,1,0,7995
181,2,94,volkswagen,gas,four,sedan,fwd,front,97.3,0.8250840941854877,0.9097222222222222,0.931438127090301,2212,ohc,four,109,mpfi,3.19,3.4,9.0,85,5250,27,34,10.518518518518519,8.352941176470589,low,0,1,1,0,0,0,0,1,0,8195
182,2,94,volkswagen,gas,four,sedan,fwd,front,97.3,0.8250840941854877,0.9097222222222222,0.931438127090301,2275,ohc,four,109,mpfi,3.19,3.4,9.0,85,5250,27,34,10.518518518518519,8.352941176470589,low,0,1,1,0,0,0,0,1,0,8495
183,2,94,volkswagen,diesel,four,sedan,fwd,front,97.3,0.8250840941854877,0.9097222222222222,0.931438127090301,2319,ohc,four,97,idi,3.01,3.4,23.0,68,4500,37,42,7.675675675675675,6.761904761904762,low,1,0,0,1,0,0,0,1,0,9495
184,2,94,volkswagen,gas,four,sedan,fwd,front,97.3,0.8250840941854877,0.9097222222222222,0.931438127090301,2300,ohc,four,109,mpfi,3.19,3.4,10.0,100,5500,26,32,10.923076923076923,8.875,low,0,1,1,0,0,0,0,1,0,9995
185,3,122,volkswagen,gas,two,convertible,fwd,front,94.5,0.7654973570398848,0.8916666666666667,0.9297658862876255,2254,ohc,four,109,mpfi,3.19,3.4,8.5,90,5500,24,29,11.833333333333334,9.793103448275861,low,0,1,1,0,1,0,0,0,0,11595
186,3,256,volkswagen,gas,two,hatchback,fwd,front,94.5,0.7962518020182604,0.8888888888888888,0.8595317725752508,2221,ohc,four,109,mpfi,3.19,3.4,8.5,90,5500,24,29,11.833333333333334,9.793103448275861,low,0,1,1,0,0,0,1,0,0,9980
187,0,122,volkswagen,gas,four,sedan,fwd,front,100.4,0.865929841422393,0.9291666666666667,0.9214046822742475,2661,ohc,five,136,mpfi,3.19,3.4,8.5,110,5500,19,24,14.947368421052632,11.833333333333334,low,0,1,1,0,0,0,0,1,0,13295
188,0,122,volkswagen,diesel,four,sedan,fwd,front,100.4,0.865929841422393,0.9291666666666667,0.9214046822742475,2579,ohc,four,97,idi,3.01,3.4,23.0,68,4500,33,38,8.606060606060606,7.473684210526316,low,1,0,0,1,0,0,0,1,0,13845
189,0,122,volkswagen,gas,four,wagon,fwd,front,100.4,0.8798654493032196,0.9291666666666667,0.9214046822742475,2563,ohc,four,109,mpfi,3.19,3.4,9.0,88,5500,25,31,11.36,9.161290322580646,low,0,1,1,0,0,0,0,0,1,12290
190,-2,103,volvo,gas,four,sedan,rwd,front,104.3,0.9072561268620856,0.9333333333333333,0.939799331103679,2912,ohc,four,141,mpfi,3.78,3.15,9.5,114,5400,23,28,12.347826086956522,10.142857142857142,low,0,1,1,0,0,0,0,1,0,12940
191,-1,74,volvo,gas,four,wagon,rwd,front,104.3,0.9072561268620856,0.9333333333333333,0.9615384615384616,3034,ohc,four,141,mpfi,3.78,3.15,9.5,114,5400,23,28,12.347826086956522,10.142857142857142,low,0,1,1,0,0,0,0,0,1,13415
192,-2,103,volvo,gas,four,sedan,rwd,front,104.3,0.9072561268620856,0.9333333333333333,0.939799331103679,2935,ohc,four,141,mpfi,3.78,3.15,9.5,114,5400,24,28,11.833333333333334,10.142857142857142,low,0,1,1,0,0,0,0,1,0,15985
193,-1,74,volvo,gas,four,wagon,rwd,front,104.3,0.9072561268620856,0.9333333333333333,0.9615384615384616,3042,ohc,four,141,mpfi,3.78,3.15,9.5,114,5400,24,28,11.833333333333334,10.142857142857142,low,0,1,1,0,0,0,0,0,1,16515
194,-2,103,volvo,gas,four,sedan,rwd,front,104.3,0.9072561268620856,0.9333333333333333,0.939799331103679,3045,ohc,four,130,mpfi,3.62,3.15,7.5,162,5100,17,22,16.705882352941178,12.909090909090908,medium,0,1,0,1,0,0,0,1,0,18420
195,-1,74,volvo,gas,four,wagon,rwd,front,104.3,0.9072561268620856,0.9333333333333333,0.9615384615384616,3157,ohc,four,130,mpfi,3.62,3.15,7.5,162,5100,17,22,16.705882352941178,12.909090909090908,medium,0,1,0,1,0,0,0,0,1,18950
196,-1,95,volvo,gas,four,sedan,rwd,front,109.1,0.9072561268620856,0.9569444444444445,0.9280936454849499,2952,ohc,four,141,mpfi,3.78,3.15,9.5,114,5400,23,28,12.347826086956522,10.142857142857142,low,0,1,1,0,0,0,0,1,0,16845
197,-1,95,volvo,gas,four,sedan,rwd,front,109.1,0.9072561268620856,0.9555555555555555,0.9280936454849499,3049,ohc,four,141,mpfi,3.78,3.15,8.7,160,5300,19,25,14.947368421052632,11.36,medium,0,1,0,1,0,0,0,1,0,19045
198,-1,95,volvo,gas,four,sedan,rwd,front,109.1,0.9072561268620856,0.9569444444444445,0.9280936454849499,3012,ohcv,six,173,mpfi,3.58,2.87,8.8,134,5500,18,23,15.777777777777779,12.347826086956522,medium,0,1,1,0,0,0,0,1,0,21485
199,-1,95,volvo,diesel,four,sedan,rwd,front,109.1,0.9072561268620856,0.9569444444444445,0.9280936454849499,3217,ohc,six,145,idi,3.01,3.4,23.0,106,4800,26,27,10.923076923076923,10.518518518518519,low,1,0,0,1,0,0,0,1,0,22470
200,-1,95,volvo,gas,four,sedan,rwd,front,109.1,0.9072561268620856,0.9569444444444445,0.9280936454849499,3062,ohc,four,141,mpfi,3.78,3.15,9.5,114,5400,19,25,14.947368421052632,11.36,low,0,1,0,1,0,0,0,1,0,22625
